form,tax_year,artifact_type,status,official_url,local_path,pages,bytes,sha256,retrieved_date
1040,2018,form,downloaded,https://www.irs.gov/pub/irs-prior/f1040--2018.pdf,sources/annual-income-tax-forms/1040/2018/1040-2018-form.pdf,3,591637,dd8b96d0c48115bcb6d206388d61994944d70fa1d7a667e83041b0f659e1a813,2026-07-17
1040,2018,instructions,downloaded,https://www.irs.gov/pub/irs-prior/i1040gi--2018.pdf,sources/annual-income-tax-forms/1040/2018/1040-2018-instructions.pdf,119,3240564,4fda630a8875af6e11617f7bf697f6fa7c8a76487ac70d02a10046cea4a42fcf,2026-07-17
1040,2019,form,downloaded,https://www.irs.gov/pub/irs-prior/f1040--2019.pdf,sources/annual-income-tax-forms/1040/2019/1040-2019-form.pdf,3,598982,20bc684f32cc1b3ec302ef6780af472a91dd023aa4a6f006be995fc70fc09955,2026-07-17
1040,2019,instructions,downloaded,https://www.irs.gov/pub/irs-prior/i1040gi--2019.pdf,sources/annual-income-tax-forms/1040/2019/1040-2019-instructions.pdf,108,4338199,960954bb42bdccfc2ee959a83d5d78849d5274c04dc2c5d01c82dcb5401b20bc,2026-07-17
1040,2020,form,downloaded,https://www.irs.gov/pub/irs-prior/f1040--2020.pdf,sources/annual-income-tax-forms/1040/2020/1040-2020-form.pdf,2,150184,b2c79abc644629ebc293b63582908132b14ca51cd34fc4ff8b7506c9a38e611d,2026-07-17
1040,2020,instructions,downloaded,https://www.irs.gov/pub/irs-prior/i1040gi--2020.pdf,sources/annual-income-tax-forms/1040/2020/1040-2020-instructions.pdf,115,4409122,985cb0c1a16ae7fd19cb5e0b40a9730a4fe939f68428e92139ce19d3844b7538,2026-07-17
1040,2021,form,downloaded,https://www.irs.gov/pub/irs-prior/f1040--2021.pdf,sources/annual-income-tax-forms/1040/2021/1040-2021-form.pdf,2,153711,41026e1bab58b13c69819a7fb5c836798cbfedf7c99452b2ddd242a28d061a04,2026-07-17
1040,2021,instructions,downloaded,https://www.irs.gov/pub/irs-prior/i1040gi--2021.pdf,sources/annual-income-tax-forms/1040/2021/1040-2021-instructions.pdf,114,4277175,7337e61fe50cd309c260817d23468cd557426c7e5f15cdbdc291f6d2c7c50d90,2026-07-17
1040,2022,form,downloaded,https://www.irs.gov/pub/irs-prior/f1040--2022.pdf,sources/annual-income-tax-forms/1040/2022/1040-2022-form.pdf,2,156045,7f7933e17b2701e8555164f18bd9d93e8891c7bc0d6e45d8df6d84a2cf78b48f,2026-07-17
1040,2022,instructions,downloaded,https://www.irs.gov/pub/irs-prior/i1040gi--2022.pdf,sources/annual-income-tax-forms/1040/2022/1040-2022-instructions.pdf,113,4277211,fcd5f84c414ca4d9553779bb558172554299807b3fe2649825aa2c06723de4c9,2026-07-17
1040,2023,form,downloaded,https://www.irs.gov/pub/irs-prior/f1040--2023.pdf,sources/annual-income-tax-forms/1040/2023/1040-2023-form.pdf,2,160747,a410ce39e1f9b75ab3ddd8c314b9e7dce022ed6e3aebde5418a58b88f1e0213c,2026-07-17
1040,2023,instructions,downloaded,https://www.irs.gov/pub/irs-prior/i1040gi--2023.pdf,sources/annual-income-tax-forms/1040/2023/1040-2023-instructions.pdf,114,4389662,90c8759c7a829d8c74296187cdbdb47bc9025480fffc41ff5e7225889c8fea7e,2026-07-17
1040,2024,form,downloaded,https://www.irs.gov/pub/irs-prior/f1040--2024.pdf,sources/annual-income-tax-forms/1040/2024/1040-2024-form.pdf,2,163287,0a7a54354283044cb41373c6faabfa50955d44bdf91b4b76fa1ca2bf13f6d718,2026-07-17
1040,2024,instructions,downloaded,https://www.irs.gov/pub/irs-prior/i1040gi--2024.pdf,sources/annual-income-tax-forms/1040/2024/1040-2024-instructions.pdf,113,4375877,0ae53ed5020d69e6571d40cd7955b7735f44a28df483626d128628d2810e93d4,2026-07-17
1040,2025,form,downloaded,https://www.irs.gov/pub/irs-prior/f1040--2025.pdf,sources/annual-income-tax-forms/1040/2025/1040-2025-form.pdf,2,220237,3d31c226df0d189ced80e039d01cf0f8820c1019681a0f0ca6264de277b7e982,2026-07-17
1040,2025,instructions,downloaded,https://www.irs.gov/pub/irs-prior/i1040gi--2025.pdf,sources/annual-income-tax-forms/1040/2025/1040-2025-instructions.pdf,126,4434643,482e9c487c608f1bbeaceef35bc3c0933e8b35443cfff447e4279d590468364a,2026-07-17
1040-NR,2018,form,downloaded,https://www.irs.gov/pub/irs-prior/f1040nr--2018.pdf,sources/annual-income-tax-forms/1040-NR/2018/1040-nr-2018-form.pdf,6,735854,108c2009f8327b9f7ebaf3d10afb820b5e414b053d0900fc4d47463c005da735,2026-07-17
1040-NR,2018,instructions,downloaded,https://www.irs.gov/pub/irs-prior/i1040nr--2018.pdf,sources/annual-income-tax-forms/1040-NR/2018/1040-nr-2018-instructions.pdf,80,1751031,e79fe2467512b185d092e4fe27e46c875898c3ac8135d00f414002e40dfb50c3,2026-07-17
1040-NR,2019,form,downloaded,https://www.irs.gov/pub/irs-prior/f1040nr--2019.pdf,sources/annual-income-tax-forms/1040-NR/2019/1040-nr-2019-form.pdf,6,706973,694cc794950a2b341d60a248f895383e03099a5665b346313a5f533ddbffac5c,2026-07-17
1040-NR,2019,instructions,downloaded,https://www.irs.gov/pub/irs-prior/i1040nr--2019.pdf,sources/annual-income-tax-forms/1040-NR/2019/1040-nr-2019-instructions.pdf,80,1674216,9698645f4cf7ae3580849dab1065a9988d12e5afd55600a1507369947757553d,2026-07-17
1040-NR,2020,form,downloaded,https://www.irs.gov/pub/irs-prior/f1040nr--2020.pdf,sources/annual-income-tax-forms/1040-NR/2020/1040-nr-2020-form.pdf,2,135093,f7fb303b42c43c2d31761bfb9eb49eaf8a7ac9e4074c9f27a4c6c56833711f9b,2026-07-17
1040-NR,2020,instructions,downloaded,https://www.irs.gov/pub/irs-prior/i1040nr--2020.pdf,sources/annual-income-tax-forms/1040-NR/2020/1040-nr-2020-instructions.pdf,48,672996,28f0da59304792d664c19476dd86a9c9f775456dc5ce0be014a0343c24c5af0c,2026-07-17
1040-NR,2021,form,downloaded,https://www.irs.gov/pub/irs-prior/f1040nr--2021.pdf,sources/annual-income-tax-forms/1040-NR/2021/1040-nr-2021-form.pdf,2,136391,7e1b18973063617dd30f07d6717f1b7b03c45ccbac1b2c44b656a90d90122977,2026-07-17
1040-NR,2021,instructions,downloaded,https://www.irs.gov/pub/irs-prior/i1040nr--2021.pdf,sources/annual-income-tax-forms/1040-NR/2021/1040-nr-2021-instructions.pdf,51,673201,d305d31827bc335344f28cfe3b71b931cc91e59741b58a64dda369b114102e6f,2026-07-17
1040-NR,2022,form,downloaded,https://www.irs.gov/pub/irs-prior/f1040nr--2022.pdf,sources/annual-income-tax-forms/1040-NR/2022/1040-nr-2022-form.pdf,2,139077,ba3d7a205296043544ac90389b93aaccc8aee1227792f2d68f9905f3db01565a,2026-07-17
1040-NR,2022,instructions,downloaded,https://www.irs.gov/pub/irs-prior/i1040nr--2022.pdf,sources/annual-income-tax-forms/1040-NR/2022/1040-nr-2022-instructions.pdf,50,662948,81337f50c28e0f6b29202b1d0cad8f5479afb876774626af220c3fed9d38cb87,2026-07-17
1040-NR,2023,form,downloaded,https://www.irs.gov/pub/irs-prior/f1040nr--2023.pdf,sources/annual-income-tax-forms/1040-NR/2023/1040-nr-2023-form.pdf,2,141419,db1aca7b95d090b566b94cf1aaf593724dda74f94a5fe7834f911571e83f5fe6,2026-07-17
1040-NR,2023,instructions,downloaded,https://www.irs.gov/pub/irs-prior/i1040nr--2023.pdf,sources/annual-income-tax-forms/1040-NR/2023/1040-nr-2023-instructions.pdf,52,689286,c30034b54d661e31a85997ec3ba015ebaa8e5414276addaa18c21f7784205b67,2026-07-17
1040-NR,2024,form,downloaded,https://www.irs.gov/pub/irs-prior/f1040nr--2024.pdf,sources/annual-income-tax-forms/1040-NR/2024/1040-nr-2024-form.pdf,2,142667,bf5dd48f7faadf630a7d2af7a20747a95c726c585930d02dd34a9be02350d8b9,2026-07-17
1040-NR,2024,instructions,downloaded,https://www.irs.gov/pub/irs-prior/i1040nr--2024.pdf,sources/annual-income-tax-forms/1040-NR/2024/1040-nr-2024-instructions.pdf,54,701482,b6e955477713c325c9233447df457df089f1a357150b1a3527a117059c3a11a8,2026-07-17
1040-NR,2025,form,downloaded,https://www.irs.gov/pub/irs-prior/f1040nr--2025.pdf,sources/annual-income-tax-forms/1040-NR/2025/1040-nr-2025-form.pdf,2,177160,aa1c0523595ad630e097e41d42a35cbc7fa04685633a842d9ff4a7aa7b478c7a,2026-07-17
1040-NR,2025,instructions,downloaded,https://www.irs.gov/pub/irs-prior/i1040nr--2025.pdf,sources/annual-income-tax-forms/1040-NR/2025/1040-nr-2025-instructions.pdf,54,710735,f2602b839b17de4541b8c353668121757cac13ff9d7a78f34c7ee14edfe19fee,2026-07-17
1065,2018,form,downloaded,https://www.irs.gov/pub/irs-prior/f1065--2018.pdf,sources/annual-income-tax-forms/1065/2018/1065-2018-form.pdf,6,743520,25a2fa314680d457faecf4711702fe219bd87281da21d420148a4c148f4ec7c6,2026-07-17
1065,2018,instructions,downloaded,https://www.irs.gov/pub/irs-prior/i1065--2018.pdf,sources/annual-income-tax-forms/1065/2018/1065-2018-instructions.pdf,56,769271,caf6664f29e3ab21d77c9ffeb066dad242542726a94882d657b1ad38d25d5225,2026-07-17
1065,2019,form,downloaded,https://www.irs.gov/pub/irs-prior/f1065--2019.pdf,sources/annual-income-tax-forms/1065/2019/1065-2019-form.pdf,6,744018,872aede6111a4a93078f614ac604efe9a83d7ca5786077a02160b112beaa8fe9,2026-07-17
1065,2019,instructions,downloaded,https://www.irs.gov/pub/irs-prior/i1065--2019.pdf,sources/annual-income-tax-forms/1065/2019/1065-2019-instructions.pdf,59,780243,90233bbe923315cfc47c94f56be04ace6647a8078ba44b1dfcc52491300df261,2026-07-17
1065,2020,form,downloaded,https://www.irs.gov/pub/irs-prior/f1065--2020.pdf,sources/annual-income-tax-forms/1065/2020/1065-2020-form.pdf,5,283925,5bdae68b6bef47d3ed0fe944a95cf217cb1ecc8aa7487bc8d03dd9251b3a1c1e,2026-07-17
1065,2020,instructions,downloaded,https://www.irs.gov/pub/irs-prior/i1065--2020.pdf,sources/annual-income-tax-forms/1065/2020/1065-2020-instructions.pdf,61,803399,64a48b6e8a9d713eaf641ffdd9a5a09e9811692d84a4be2c45f458e69eb7491a,2026-07-17
1065,2021,form,downloaded,https://www.irs.gov/pub/irs-prior/f1065--2021.pdf,sources/annual-income-tax-forms/1065/2021/1065-2021-form.pdf,5,263835,f9920939343d8f61139b1f951724898b852a360c44a3594cc93993b8a8c510a4,2026-07-17
1065,2021,instructions,downloaded,https://www.irs.gov/pub/irs-prior/i1065--2021.pdf,sources/annual-income-tax-forms/1065/2021/1065-2021-instructions.pdf,59,798004,554441acce0a6d2bc9e8190fbce7049a6b3b570e49c8f3a416d9124553107f9a,2026-07-17
1065,2022,form,downloaded,https://www.irs.gov/pub/irs-prior/f1065--2022.pdf,sources/annual-income-tax-forms/1065/2022/1065-2022-form.pdf,5,288850,7b3c6732690fef03443d591a75af79807ec846ca40e39f151f9b32c271d8266c,2026-07-17
1065,2022,instructions,downloaded,https://www.irs.gov/pub/irs-prior/i1065--2022.pdf,sources/annual-income-tax-forms/1065/2022/1065-2022-instructions.pdf,65,787780,b73b354fc059c5918e0405d2c680785c9facf150823edc340ccdf61c983860da,2026-07-17
1065,2023,form,downloaded,https://www.irs.gov/pub/irs-prior/f1065--2023.pdf,sources/annual-income-tax-forms/1065/2023/1065-2023-form.pdf,6,312152,dfbed1281bfbc3ec22291780912d8551c6fcda974bb47a645c69886be8558d36,2026-07-17
1065,2023,instructions,downloaded,https://www.irs.gov/pub/irs-prior/i1065--2023.pdf,sources/annual-income-tax-forms/1065/2023/1065-2023-instructions.pdf,67,854786,b310f8a3cebe4a9eda640b8fb6ee9dfe33c851404a88e419cca050d3b98a6480,2026-07-17
1065,2024,form,downloaded,https://www.irs.gov/pub/irs-prior/f1065--2024.pdf,sources/annual-income-tax-forms/1065/2024/1065-2024-form.pdf,6,322667,0e090f62c33132f08628c72c964cc7359f4cbbf75581786d1ffb7999ee2f01e4,2026-07-17
1065,2024,instructions,downloaded,https://www.irs.gov/pub/irs-prior/i1065--2024.pdf,sources/annual-income-tax-forms/1065/2024/1065-2024-instructions.pdf,72,863892,20a11d2179071c84e0ad5f76571f252933c9a0e2c17f678c55846e3cb5fb4e25,2026-07-17
1065,2025,form,downloaded,https://www.irs.gov/pub/irs-prior/f1065--2025.pdf,sources/annual-income-tax-forms/1065/2025/1065-2025-form.pdf,6,334608,0f19f556e12ef53c41ba27e5930b4373103f3abcf64693c4ea686451b2a8f56f,2026-07-17
1065,2025,instructions,downloaded,https://www.irs.gov/pub/irs-prior/i1065--2025.pdf,sources/annual-income-tax-forms/1065/2025/1065-2025-instructions.pdf,70,820966,f4a35a24c7abac486908d3610754397a66b2130f0eb425dda897d78a9d91b786,2026-07-17
1120,2018,form,downloaded,https://www.irs.gov/pub/irs-prior/f1120--2018.pdf,sources/annual-income-tax-forms/1120/2018/1120-2018-form.pdf,6,327226,c5ca6c249d3c6f1cbbc1f56afd894a5ba017d135b0ded926603762bb13d24896,2026-07-17
1120,2018,instructions,downloaded,https://www.irs.gov/pub/irs-prior/i1120--2018.pdf,sources/annual-income-tax-forms/1120/2018/1120-2018-instructions.pdf,29,464863,29d18490ff5b8fbd934e42124341a142a308b99820f6349e03d2b71ab92219df,2026-07-17
1120,2019,form,downloaded,https://www.irs.gov/pub/irs-prior/f1120--2019.pdf,sources/annual-income-tax-forms/1120/2019/1120-2019-form.pdf,6,323632,f2d2e97a13235dfc9f87436e9afd96b9ac0a1240292742294b545c4082d5508d,2026-07-17
1120,2019,instructions,downloaded,https://www.irs.gov/pub/irs-prior/i1120--2019.pdf,sources/annual-income-tax-forms/1120/2019/1120-2019-instructions.pdf,29,465706,10738435aec63c06387d9b0de2e647dd25421e36dc883a1af6a3f3984460eb78,2026-07-17
1120,2020,form,downloaded,https://www.irs.gov/pub/irs-prior/f1120--2020.pdf,sources/annual-income-tax-forms/1120/2020/1120-2020-form.pdf,6,326825,7ebc29bd128c56177f55b411ec7c122ca2b9d0506e123bffefe6a1e161428916,2026-07-17
1120,2020,instructions,downloaded,https://www.irs.gov/pub/irs-prior/i1120--2020.pdf,sources/annual-income-tax-forms/1120/2020/1120-2020-instructions.pdf,30,477199,51e2d4bb183245676b4f6a4d78bf71a9d36b61e7feff79f483519047c98f84b5,2026-07-17
1120,2021,form,downloaded,https://www.irs.gov/pub/irs-prior/f1120--2021.pdf,sources/annual-income-tax-forms/1120/2021/1120-2021-form.pdf,6,326908,1142684e9be3c70ceedf02c2c1303e6c9f66470be18ea71781185e554a3afac3,2026-07-17
1120,2021,instructions,downloaded,https://www.irs.gov/pub/irs-prior/i1120--2021.pdf,sources/annual-income-tax-forms/1120/2021/1120-2021-instructions.pdf,31,492014,08c39c5d59e9a8913151dc9dbbcf11891e1d1792a73439a72903218055fd85c6,2026-07-17
1120,2022,form,downloaded,https://www.irs.gov/pub/irs-prior/f1120--2022.pdf,sources/annual-income-tax-forms/1120/2022/1120-2022-form.pdf,6,294654,cadfbb4f39c469110b2f1a3c4b394dc85531851975f8a56ccea2d931cd4d5a27,2026-07-17
1120,2022,instructions,downloaded,https://www.irs.gov/pub/irs-prior/i1120--2022.pdf,sources/annual-income-tax-forms/1120/2022/1120-2022-instructions.pdf,31,512008,90e6d5eb83aacb3b316171186cad9333f8e4300929888a17d69b854a2ec5fe4b,2026-07-17
1120,2023,form,downloaded,https://www.irs.gov/pub/irs-prior/f1120--2023.pdf,sources/annual-income-tax-forms/1120/2023/1120-2023-form.pdf,6,325204,af3f3912d57e9212fe0952247d7bfa8a727a5c40bfec516e57a469c55d659e07,2026-07-17
1120,2023,instructions,downloaded,https://www.irs.gov/pub/irs-prior/i1120--2023.pdf,sources/annual-income-tax-forms/1120/2023/1120-2023-instructions.pdf,32,511350,6b348fd38960c3ebbec765438cd130b15330b97813115b5e0035ee3729009123,2026-07-17
1120,2024,form,downloaded,https://www.irs.gov/pub/irs-prior/f1120--2024.pdf,sources/annual-income-tax-forms/1120/2024/1120-2024-form.pdf,6,330971,abf0266bdbea750c05e53fc9f771f428d32d18e4508d1c0dd4827486aba2d7fc,2026-07-17
1120,2024,instructions,downloaded,https://www.irs.gov/pub/irs-prior/i1120--2024.pdf,sources/annual-income-tax-forms/1120/2024/1120-2024-instructions.pdf,33,517474,adb05b78d6dc3d2e7ec3856f235fcd55d9adcb6b0a7d04ced58601d99341af16,2026-07-17
1120,2025,form,downloaded,https://www.irs.gov/pub/irs-prior/f1120--2025.pdf,sources/annual-income-tax-forms/1120/2025/1120-2025-form.pdf,6,340034,016c7fb4042a565c23a98014b17019af7ddc89e3260dd3f926b84d6688b7be6e,2026-07-17
1120,2025,instructions,downloaded,https://www.irs.gov/pub/irs-prior/i1120--2025.pdf,sources/annual-income-tax-forms/1120/2025/1120-2025-instructions.pdf,34,513320,49476a6f69a38a0fdb96fea1d66ddc936404e9b2eebb249da8e20830b0743358,2026-07-17
1120-S,2018,form,downloaded,https://www.irs.gov/pub/irs-prior/f1120s--2018.pdf,sources/annual-income-tax-forms/1120-S/2018/1120-s-2018-form.pdf,5,251777,19e48842a2f36e2dbd2359a14fa4e736641977d07c1804dd30a8a2815071bf72,2026-07-17
1120-S,2018,instructions,downloaded,https://www.irs.gov/pub/irs-prior/i1120s--2018.pdf,sources/annual-income-tax-forms/1120-S/2018/1120-s-2018-instructions.pdf,47,615640,e891762123780792e6b4041d6e20127fcb9ba761f24190e13136c69dd6464ac0,2026-07-17
1120-S,2019,form,downloaded,https://www.irs.gov/pub/irs-prior/f1120s--2019.pdf,sources/annual-income-tax-forms/1120-S/2019/1120-s-2019-form.pdf,5,245060,f2eb944fc1eeb895f7f90e47837e92b4abb2f9e89728186edfdd5e87709a9220,2026-07-17
1120-S,2019,instructions,downloaded,https://www.irs.gov/pub/irs-prior/i1120s--2019.pdf,sources/annual-income-tax-forms/1120-S/2019/1120-s-2019-instructions.pdf,50,666061,8a577bd6d7524f44b8d46b1366b8b8ab65cba4fca03d78855cb7b15c741edfb9,2026-07-17
1120-S,2020,form,downloaded,https://www.irs.gov/pub/irs-prior/f1120s--2020.pdf,sources/annual-income-tax-forms/1120-S/2020/1120-s-2020-form.pdf,5,244578,79341428813ae41d374a19da9a8d47b1c45dbb02782dc9d088f78a54c500d795,2026-07-17
1120-S,2020,instructions,downloaded,https://www.irs.gov/pub/irs-prior/i1120s--2020.pdf,sources/annual-income-tax-forms/1120-S/2020/1120-s-2020-instructions.pdf,51,672584,4a63015a5b6158baff1a13ac8caa8816b63a4c0e7970ef8ba9ca05e30446b8b3,2026-07-17
1120-S,2021,form,downloaded,https://www.irs.gov/pub/irs-prior/f1120s--2021.pdf,sources/annual-income-tax-forms/1120-S/2021/1120-s-2021-form.pdf,5,235001,a35eb6f1b31f6ff9f2a9ed7d3960f961b45b920b39e46df09a6088bc4b2d3c40,2026-07-17
1120-S,2021,instructions,downloaded,https://www.irs.gov/pub/irs-prior/i1120s--2021.pdf,sources/annual-income-tax-forms/1120-S/2021/1120-s-2021-instructions.pdf,51,678603,9258cadd2ff4f0454f0ccf2ffca262c61625b113519150f49316874a48a5ec7f,2026-07-17
1120-S,2022,form,downloaded,https://www.irs.gov/pub/irs-prior/f1120s--2022.pdf,sources/annual-income-tax-forms/1120-S/2022/1120-s-2022-form.pdf,5,243391,5a24b81712ae86d0dcfa321507e74f43553c656899a5b8cf73e43134b9c8a739,2026-07-17
1120-S,2022,instructions,downloaded,https://www.irs.gov/pub/irs-prior/i1120s--2022.pdf,sources/annual-income-tax-forms/1120-S/2022/1120-s-2022-instructions.pdf,53,687228,6bd5dcef9a23c2a092f12d29d7dc021423e6668045fb3df6201330a2fdefa463,2026-07-17
1120-S,2023,form,downloaded,https://www.irs.gov/pub/irs-prior/f1120s--2023.pdf,sources/annual-income-tax-forms/1120-S/2023/1120-s-2023-form.pdf,5,256660,b50665260337fdb45b4c09403da511d02fec1f6eabc1d2b125e84c64ebacba71,2026-07-17
1120-S,2023,instructions,downloaded,https://www.irs.gov/pub/irs-prior/i1120s--2023.pdf,sources/annual-income-tax-forms/1120-S/2023/1120-s-2023-instructions.pdf,55,719059,41fe534ac27be4b1da0d1a7de32d6ea76eb410ba3104aa1ab2e1ea4b23309213,2026-07-17
1120-S,2024,form,downloaded,https://www.irs.gov/pub/irs-prior/f1120s--2024.pdf,sources/annual-income-tax-forms/1120-S/2024/1120-s-2024-form.pdf,5,259254,02cd70856f7387b51a628fc116a7f12745e45781ccc48bf0d5b86d97a5a3167c,2026-07-17
1120-S,2024,instructions,downloaded,https://www.irs.gov/pub/irs-prior/i1120s--2024.pdf,sources/annual-income-tax-forms/1120-S/2024/1120-s-2024-instructions.pdf,56,724864,9de86b9c588f868cf202515f1674723667dae0db25a28590a3896eb4e343e989,2026-07-17
1120-S,2025,form,downloaded,https://www.irs.gov/pub/irs-prior/f1120s--2025.pdf,sources/annual-income-tax-forms/1120-S/2025/1120-s-2025-form.pdf,5,267113,c4b7cae7f2283a2e3225523ea001a710109fee34aad909461421025b287cd18d,2026-07-17
1120-S,2025,instructions,downloaded,https://www.irs.gov/pub/irs-prior/i1120s--2025.pdf,sources/annual-income-tax-forms/1120-S/2025/1120-s-2025-instructions.pdf,56,713010,eab655cff9226dbc6d80213350bac050009ba90daf621c182d31c541bc62c3f2,2026-07-17
1041,2018,form,downloaded,https://www.irs.gov/pub/irs-prior/f1041--2018.pdf,sources/annual-income-tax-forms/1041/2018/1041-2018-form.pdf,3,606251,23d39e65b6cd448517fb296fcd38e3e048e6e150d3e2793b672bcc694d4b0dc4,2026-07-17
1041,2018,instructions,downloaded,https://www.irs.gov/pub/irs-prior/i1041--2018.pdf,sources/annual-income-tax-forms/1041/2018/1041-2018-instructions.pdf,43,530558,de1c8aeacd4936a90eaad460a9ec444e66237a7ac637b70609f1830aeba2b63c,2026-07-17
1041,2019,form,downloaded,https://www.irs.gov/pub/irs-prior/f1041--2019.pdf,sources/annual-income-tax-forms/1041/2019/1041-2019-form.pdf,4,612714,f761877b5150796120100a99fc25b1e6970be83ba407cc438a4e9fadee719496,2026-07-17
1041,2019,instructions,downloaded,https://www.irs.gov/pub/irs-prior/i1041--2019.pdf,sources/annual-income-tax-forms/1041/2019/1041-2019-instructions.pdf,50,600224,b48be23c1caede24c16900a756fc2107b649a250cdae2b7f1c83a9c27ec01545,2026-07-17
1041,2020,form,downloaded,https://www.irs.gov/pub/irs-prior/f1041--2020.pdf,sources/annual-income-tax-forms/1041/2020/1041-2020-form.pdf,3,161864,c2cd72f6e95c5f0b3568dfb053abac62c2d909b1f3faf11e27ddc63df4313abe,2026-07-17
1041,2020,instructions,downloaded,https://www.irs.gov/pub/irs-prior/i1041--2020.pdf,sources/annual-income-tax-forms/1041/2020/1041-2020-instructions.pdf,51,614893,89c8d03fa6326e19ae12883d88007ac0af5bed76d543fa08ba9e58ed3225a353,2026-07-17
1041,2021,form,downloaded,https://www.irs.gov/pub/irs-prior/f1041--2021.pdf,sources/annual-income-tax-forms/1041/2021/1041-2021-form.pdf,3,162139,014a0131914d78dda3b07832e94dea17728dca7f3cd6163db5c956a101ed62e6,2026-07-17
1041,2021,instructions,downloaded,https://www.irs.gov/pub/irs-prior/i1041--2021.pdf,sources/annual-income-tax-forms/1041/2021/1041-2021-instructions.pdf,51,618469,291ea36bdd608659fce91921d62c9fca55270dd7215b7638ef681aba7fca62f3,2026-07-17
1041,2022,form,downloaded,https://www.irs.gov/pub/irs-prior/f1041--2022.pdf,sources/annual-income-tax-forms/1041/2022/1041-2022-form.pdf,3,164355,c3008313bcfd9a377b6ee03ef0bc7d8011054dacc6e510d4fc1ff1dd7dad3dbf,2026-07-17
1041,2022,instructions,downloaded,https://www.irs.gov/pub/irs-prior/i1041--2022.pdf,sources/annual-income-tax-forms/1041/2022/1041-2022-instructions.pdf,52,602952,83bbe0628f977125dd24327598127c2fb1380685e58223559228ae10a471d806,2026-07-17
1041,2023,form,downloaded,https://www.irs.gov/pub/irs-prior/f1041--2023.pdf,sources/annual-income-tax-forms/1041/2023/1041-2023-form.pdf,3,172493,fe33a32bd113f85638d1ebc2e0149520ab1dcc488bf203a0c37395a0217f9e1b,2026-07-17
1041,2023,instructions,downloaded,https://www.irs.gov/pub/irs-prior/i1041--2023.pdf,sources/annual-income-tax-forms/1041/2023/1041-2023-instructions.pdf,53,640800,82ce8b9fd32377c5d0d3066bdab22d5c54cd2fc457150123e73ea0f7efa9edc4,2026-07-17
1041,2024,form,downloaded,https://www.irs.gov/pub/irs-prior/f1041--2024.pdf,sources/annual-income-tax-forms/1041/2024/1041-2024-form.pdf,3,174268,d697c2294b671b943b3d779d789b648573282ff735723c7bee5a18cb7d41feee,2026-07-17
1041,2024,instructions,downloaded,https://www.irs.gov/pub/irs-prior/i1041--2024.pdf,sources/annual-income-tax-forms/1041/2024/1041-2024-instructions.pdf,53,639705,5c45d0369dc234465871673e9f10b5dd83aaf48968d4896b897794486c3e3ab5,2026-07-17
1041,2025,form,downloaded,https://www.irs.gov/pub/irs-prior/f1041--2025.pdf,sources/annual-income-tax-forms/1041/2025/1041-2025-form.pdf,3,181366,95540fbdb580102735b89866554bb0b556d37f3e6c8781c677c8398db7908c10,2026-07-17
1041,2025,instructions,downloaded,https://www.irs.gov/pub/irs-prior/i1041--2025.pdf,sources/annual-income-tax-forms/1041/2025/1041-2025-instructions.pdf,55,661748,46b0412208e267bc26c3fd1542983a9a376c2685279286f5e285773b3196ffbb,2026-07-17
1120-F,2018,form,downloaded,https://www.irs.gov/pub/irs-prior/f1120f--2018.pdf,sources/annual-income-tax-forms/1120-F/2018/1120-f-2018-form.pdf,8,402979,5a44c5b33745e89f4a9f560ae2dd96000052d1a20e89c6f0651077acfac22b27,2026-07-17
1120-F,2018,instructions,downloaded,https://www.irs.gov/pub/irs-prior/i1120f--2018.pdf,sources/annual-income-tax-forms/1120-F/2018/1120-f-2018-instructions.pdf,37,580824,7f73ee521ba22564548cbe25781c1d0109ed52744ded3c448d8999ea9f4d4e51,2026-07-17
1120-F,2019,form,downloaded,https://www.irs.gov/pub/irs-prior/f1120f--2019.pdf,sources/annual-income-tax-forms/1120-F/2019/1120-f-2019-form.pdf,8,330317,8c315a2d413c247cfbf047b38fddf015631612d9201103fdb653efc7da7b9067,2026-07-17
1120-F,2019,instructions,downloaded,https://www.irs.gov/pub/irs-prior/i1120f--2019.pdf,sources/annual-income-tax-forms/1120-F/2019/1120-f-2019-instructions.pdf,36,484377,5b34d944a92bd3fd198959539dad7a0638094929f63462a26c4f8be644dcadaf,2026-07-17
1120-F,2020,form,downloaded,https://www.irs.gov/pub/irs-prior/f1120f--2020.pdf,sources/annual-income-tax-forms/1120-F/2020/1120-f-2020-form.pdf,8,330519,55540620156b727dd793571d8bf09d325e220a82f2f756176b274ff79e293d18,2026-07-17
1120-F,2020,instructions,downloaded,https://www.irs.gov/pub/irs-prior/i1120f--2020.pdf,sources/annual-income-tax-forms/1120-F/2020/1120-f-2020-instructions.pdf,37,491487,f944ccb2ad7d4420c6307129c2cca6cc39baac225822c5fb6ed38af349e8c166,2026-07-17
1120-F,2021,form,downloaded,https://www.irs.gov/pub/irs-prior/f1120f--2021.pdf,sources/annual-income-tax-forms/1120-F/2021/1120-f-2021-form.pdf,8,332272,7798fbf7363835c873cb05230576d8c1c1e991693bffffdcf96c92b80110d16a,2026-07-17
1120-F,2021,instructions,downloaded,https://www.irs.gov/pub/irs-prior/i1120f--2021.pdf,sources/annual-income-tax-forms/1120-F/2021/1120-f-2021-instructions.pdf,37,506751,1517d3d4dae87109d66fa5f7f6388a62fdaa5f4164b04f8709cde1c797592c57,2026-07-17
1120-F,2022,form,downloaded,https://www.irs.gov/pub/irs-prior/f1120f--2022.pdf,sources/annual-income-tax-forms/1120-F/2022/1120-f-2022-form.pdf,8,364781,53bc813f8aa70df861c3d11a54b46d16707b428fc9594efef0c9b1d0dd64524c,2026-07-17
1120-F,2022,instructions,downloaded,https://www.irs.gov/pub/irs-prior/i1120f--2022.pdf,sources/annual-income-tax-forms/1120-F/2022/1120-f-2022-instructions.pdf,38,527990,a6d58fe7a25d03db650b62298b65a1eec8ae58e82a7b83d0c9e332e9d828c1fe,2026-07-17
1120-F,2023,form,downloaded,https://www.irs.gov/pub/irs-prior/f1120f--2023.pdf,sources/annual-income-tax-forms/1120-F/2023/1120-f-2023-form.pdf,9,371252,18dc547b1e424b76927cd9348be5a67b07cdbd28a7ebb2343a75c4bfe156cc23,2026-07-17
1120-F,2023,instructions,downloaded,https://www.irs.gov/pub/irs-prior/i1120f--2023.pdf,sources/annual-income-tax-forms/1120-F/2023/1120-f-2023-instructions.pdf,38,534190,49a0b982199fcc8d96fa3bd1c787c234ffd0ba5e391a1522595ff6e4ff649172,2026-07-17
1120-F,2024,form,downloaded,https://www.irs.gov/pub/irs-prior/f1120f--2024.pdf,sources/annual-income-tax-forms/1120-F/2024/1120-f-2024-form.pdf,9,378142,f54c29aa0313de11425278f2e86ad4674aa6cb959ed75b2bbe1002727cadd627,2026-07-17
1120-F,2024,instructions,downloaded,https://www.irs.gov/pub/irs-prior/i1120f--2024.pdf,sources/annual-income-tax-forms/1120-F/2024/1120-f-2024-instructions.pdf,39,529403,e3ab170c6deb064039e5b32c026e89c3349b5f079938c7c7487a8cd173a3531d,2026-07-17
1120-F,2025,form,downloaded,https://www.irs.gov/pub/irs-prior/f1120f--2025.pdf,sources/annual-income-tax-forms/1120-F/2025/1120-f-2025-form.pdf,9,414199,1f5921961f8dee175bf892291b262f97d901fe4ae9a7e659dd4303670dbc82a8,2026-07-17
1120-F,2025,instructions,downloaded,https://www.irs.gov/pub/irs-prior/i1120f--2025.pdf,sources/annual-income-tax-forms/1120-F/2025/1120-f-2025-instructions.pdf,41,523838,125048137047277feff3f6046b92c5360db23b6c428f4b0e4b378efed0ffc44a,2026-07-17
990,2018,form,downloaded,https://www.irs.gov/pub/irs-prior/f990--2018.pdf,sources/annual-income-tax-forms/990/2018/990-2018-form.pdf,12,725803,d57e80efa81cd688a3fb0c5d6bf6891c014d74c784cf55a088f194d0413184aa,2026-07-17
990,2018,instructions,downloaded,https://www.irs.gov/pub/irs-prior/i990--2018.pdf,sources/annual-income-tax-forms/990/2018/990-2018-instructions.pdf,102,1154793,290392dbac48a7e4200e5aebe7d9ded082c5eda86105a875a8807c0b6eb62dd8,2026-07-17
990,2019,form,downloaded,https://www.irs.gov/pub/irs-prior/f990--2019.pdf,sources/annual-income-tax-forms/990/2019/990-2019-form.pdf,12,739218,bfa7e621d6edd901e494eadafbd6f117b7d66a0dc1b6feb890cf1064375a2830,2026-07-17
990,2019,instructions,downloaded,https://www.irs.gov/pub/irs-prior/i990--2019.pdf,sources/annual-income-tax-forms/990/2019/990-2019-instructions.pdf,103,1165706,1c3da344423e5c2b9645ec7fe3a708aa78a586bad20d19456585939fcc2e1491,2026-07-17
990,2020,form,downloaded,https://www.irs.gov/pub/irs-prior/f990--2020.pdf,sources/annual-income-tax-forms/990/2020/990-2020-form.pdf,12,735990,027d3676c77dc8fec91c752ae466977b20653ea4034c5608744408b7cd49d016,2026-07-17
990,2020,instructions,downloaded,https://www.irs.gov/pub/irs-prior/i990--2020.pdf,sources/annual-income-tax-forms/990/2020/990-2020-instructions.pdf,102,1157488,91cba50543bd26ea64648cb5b2fc78223159a36a470f6096cdfe1364c47d1fa2,2026-07-17
990,2021,form,downloaded,https://www.irs.gov/pub/irs-prior/f990--2021.pdf,sources/annual-income-tax-forms/990/2021/990-2021-form.pdf,12,740631,4c2b33f82ae548e6fe401c6805efa350d48fe1d91a427e4433e08983f310ef57,2026-07-17
990,2021,instructions,downloaded,https://www.irs.gov/pub/irs-prior/i990--2021.pdf,sources/annual-income-tax-forms/990/2021/990-2021-instructions.pdf,102,1181102,b461febb4ecd12df2d3a8803f690b44913e6093b739326653f86ff4930d85888,2026-07-17
990,2022,form,downloaded,https://www.irs.gov/pub/irs-prior/f990--2022.pdf,sources/annual-income-tax-forms/990/2022/990-2022-form.pdf,12,775569,87cfcaa6df48c9b6986ae21b7686d072bf0fb955e4aa6cb0589cb445bfbb83d6,2026-07-17
990,2022,instructions,downloaded,https://www.irs.gov/pub/irs-prior/i990--2022.pdf,sources/annual-income-tax-forms/990/2022/990-2022-instructions.pdf,102,1148928,7e8575618dce873145e0985997dbf2b550b241473d6d0e0557ed615db1e30248,2026-07-17
990,2023,form,downloaded,https://www.irs.gov/pub/irs-prior/f990--2023.pdf,sources/annual-income-tax-forms/990/2023/990-2023-form.pdf,12,800253,910dbaa64cdccb5d97fac0e100b2772214d5d9b4723b1e340fb36edc134496e4,2026-07-17
990,2023,instructions,downloaded,https://www.irs.gov/pub/irs-prior/i990--2023.pdf,sources/annual-income-tax-forms/990/2023/990-2023-instructions.pdf,102,1225670,54e5ff4e670233e2693395c79477132a220084fbc89c805880a7c896fcf5ceda,2026-07-17
990,2024,form,downloaded,https://www.irs.gov/pub/irs-prior/f990--2024.pdf,sources/annual-income-tax-forms/990/2024/990-2024-form.pdf,12,798626,d721599e650b57ae0124bb66c9cf39d5ffcf00b3ddd7a84a0fa849aca6811eed,2026-07-17
990,2024,instructions,downloaded,https://www.irs.gov/pub/irs-prior/i990--2024.pdf,sources/annual-income-tax-forms/990/2024/990-2024-instructions.pdf,103,1235353,71db1e4dacd8d9683be2bbd6be2634f3fdecf71e327d377d6d63e5d6aa384c46,2026-07-17
990,2025,form,downloaded,https://www.irs.gov/pub/irs-prior/f990--2025.pdf,sources/annual-income-tax-forms/990/2025/990-2025-form.pdf,12,796676,0b715d2790691ca6d4fb16ba0923e3cdf1d0e04cd26ea48788d41a708e945533,2026-07-17
990,2025,instructions,downloaded,https://www.irs.gov/pub/irs-prior/i990--2025.pdf,sources/annual-income-tax-forms/990/2025/990-2025-instructions.pdf,102,1206873,ae9f947383cd7393e3359ff7977b4c7665e21496df592a5fd1f8e4efed3acebf,2026-07-17
990-EZ,2018,form,downloaded,https://www.irs.gov/pub/irs-prior/f990ez--2018.pdf,sources/annual-income-tax-forms/990-EZ/2018/990-ez-2018-form.pdf,4,357802,a51b21025cb183ef777173d22eaaccb455fbb0663491a8819fb0b5695a4f10e8,2026-07-17
990-EZ,2018,instructions,downloaded,https://www.irs.gov/pub/irs-prior/i990ez--2018.pdf,sources/annual-income-tax-forms/990-EZ/2018/990-ez-2018-instructions.pdf,47,601801,0c6ae3e9e16ec73ce19ab198b5e5166764a9e362650090ab8e0a85102c9beb16,2026-07-17
990-EZ,2019,form,downloaded,https://www.irs.gov/pub/irs-prior/f990ez--2019.pdf,sources/annual-income-tax-forms/990-EZ/2019/990-ez-2019-form.pdf,4,384359,727ce5f73fe20d3fcbb7ecf219500d62b01cf565d9c3c9d763395e0d8a66a8cf,2026-07-17
990-EZ,2019,instructions,downloaded,https://www.irs.gov/pub/irs-prior/i990ez--2019.pdf,sources/annual-income-tax-forms/990-EZ/2019/990-ez-2019-instructions.pdf,48,604356,fa21045ff3905562cb8040cb333f6839d30c95711a45437f1f446d7664ea3ade,2026-07-17
990-EZ,2020,form,downloaded,https://www.irs.gov/pub/irs-prior/f990ez--2020.pdf,sources/annual-income-tax-forms/990-EZ/2020/990-ez-2020-form.pdf,4,375166,f2169e04723f39876a788ec7322c26eb163d86bd791f88170b268c09ce16134b,2026-07-17
990-EZ,2020,instructions,downloaded,https://www.irs.gov/pub/irs-prior/i990ez--2020.pdf,sources/annual-income-tax-forms/990-EZ/2020/990-ez-2020-instructions.pdf,48,608593,32898f3cd5943fe04931d91508e9ab1b75181714598ab37eb8dd12ee22f1b86a,2026-07-17
990-EZ,2021,form,downloaded,https://www.irs.gov/pub/irs-prior/f990ez--2021.pdf,sources/annual-income-tax-forms/990-EZ/2021/990-ez-2021-form.pdf,4,382604,9de38777b7eed9d663cba202ad65583a6422dd83eafe3fecfb0f4329f70a820e,2026-07-17
990-EZ,2021,instructions,downloaded,https://www.irs.gov/pub/irs-prior/i990ez--2021.pdf,sources/annual-income-tax-forms/990-EZ/2021/990-ez-2021-instructions.pdf,48,616986,1974e121c4eb3df58bb9de082972edeaefdb91b5cf6d4b26cefd0f6c95f6a0ff,2026-07-17
990-EZ,2022,form,downloaded,https://www.irs.gov/pub/irs-prior/f990ez--2022.pdf,sources/annual-income-tax-forms/990-EZ/2022/990-ez-2022-form.pdf,4,408417,d6cd18e0f50719be563d1cc21d48a234f5e0592148da8fba4bffd36a24049e01,2026-07-17
990-EZ,2022,instructions,downloaded,https://www.irs.gov/pub/irs-prior/i990ez--2022.pdf,sources/annual-income-tax-forms/990-EZ/2022/990-ez-2022-instructions.pdf,49,602884,9f761b3043fa966a4cc46813b7c6a49ee1624d429f0bbc5c76ac709fae22a9c2,2026-07-17
990-EZ,2023,form,downloaded,https://www.irs.gov/pub/irs-prior/f990ez--2023.pdf,sources/annual-income-tax-forms/990-EZ/2023/990-ez-2023-form.pdf,4,407748,763c703ede56f1fe0112ece67ff7ab8619d18dfa22daf347ebac0628ee442575,2026-07-17
990-EZ,2023,instructions,downloaded,https://www.irs.gov/pub/irs-prior/i990ez--2023.pdf,sources/annual-income-tax-forms/990-EZ/2023/990-ez-2023-instructions.pdf,49,643805,8ce0d37874277e3ae9508b4ada05eed56c23da2c670349ed73a442521f1e13ab,2026-07-17
990-EZ,2024,form,downloaded,https://www.irs.gov/pub/irs-prior/f990ez--2024.pdf,sources/annual-income-tax-forms/990-EZ/2024/990-ez-2024-form.pdf,4,397047,032718c7ca99169438abd1bbd83f9ef95e39a09ad0ece0286e96276c7066a8ca,2026-07-17
990-EZ,2024,instructions,downloaded,https://www.irs.gov/pub/irs-prior/i990ez--2024.pdf,sources/annual-income-tax-forms/990-EZ/2024/990-ez-2024-instructions.pdf,49,644411,6d343952a226364efdbf131f6816896f1ea3a682c47e71cfff01e5a49d6801b4,2026-07-17
990-EZ,2025,form,downloaded,https://www.irs.gov/pub/irs-prior/f990ez--2025.pdf,sources/annual-income-tax-forms/990-EZ/2025/990-ez-2025-form.pdf,4,397623,290b3f9018ae12837b0ffdc32a8cb7beca78917caffdaf313c85d17d4e73a27c,2026-07-17
990-EZ,2025,instructions,downloaded,https://www.irs.gov/pub/irs-prior/i990ez--2025.pdf,sources/annual-income-tax-forms/990-EZ/2025/990-ez-2025-instructions.pdf,49,660977,966672706e26f6e2e8fb42755af210b0a84dd06f6d1a93027e6524b07b1650c7,2026-07-17
990-PF,2018,form,downloaded,https://www.irs.gov/pub/irs-prior/f990pf--2018.pdf,sources/annual-income-tax-forms/990-PF/2018/990-pf-2018-form.pdf,13,530463,954c26e4fd4c62b81f0478894ee047491b264cfe7351bb46ace420f522dac4f4,2026-07-17
990-PF,2018,instructions,downloaded,https://www.irs.gov/pub/irs-prior/i990pf--2018.pdf,sources/annual-income-tax-forms/990-PF/2018/990-pf-2018-instructions.pdf,40,552861,44f3a32e3accf4504d693a4c10613c3c8c1186de605ee62e825b2b532dd8bbcd,2026-07-17
990-PF,2019,form,downloaded,https://www.irs.gov/pub/irs-prior/f990pf--2019.pdf,sources/annual-income-tax-forms/990-PF/2019/990-pf-2019-form.pdf,13,529196,984878a6e813b62eacfda35579341bfc52df633416aea4c2c90d0790150e8af9,2026-07-17
990-PF,2019,instructions,downloaded,https://www.irs.gov/pub/irs-prior/i990pf--2019.pdf,sources/annual-income-tax-forms/990-PF/2019/990-pf-2019-instructions.pdf,40,563252,1ec3a415805ce172e94e1125ffe12a3ff083f043c9c80c94362e319ca5505743,2026-07-17
990-PF,2020,form,downloaded,https://www.irs.gov/pub/irs-prior/f990pf--2020.pdf,sources/annual-income-tax-forms/990-PF/2020/990-pf-2020-form.pdf,13,526176,22946c00e3b8e2c9ac2141ae064892b81a57289c672d9f0883a99d2473029388,2026-07-17
990-PF,2020,instructions,downloaded,https://www.irs.gov/pub/irs-prior/i990pf--2020.pdf,sources/annual-income-tax-forms/990-PF/2020/990-pf-2020-instructions.pdf,40,555052,f27f9631656e35ba8a9dab5a48e4edd399c8c6db5f4ce9788d3d899e20946b3b,2026-07-17
990-PF,2021,form,downloaded,https://www.irs.gov/pub/irs-prior/f990pf--2021.pdf,sources/annual-income-tax-forms/990-PF/2021/990-pf-2021-form.pdf,13,520922,784cb0ab5cf3550a2821b0d7588f7a17d7da91fa10c7df9987c680d8765081b2,2026-07-17
990-PF,2021,instructions,downloaded,https://www.irs.gov/pub/irs-prior/i990pf--2021.pdf,sources/annual-income-tax-forms/990-PF/2021/990-pf-2021-instructions.pdf,40,566353,b9a0007213222112c55522b0dee62c641b84beda136244747567349abaf95a49,2026-07-17
990-PF,2022,form,downloaded,https://www.irs.gov/pub/irs-prior/f990pf--2022.pdf,sources/annual-income-tax-forms/990-PF/2022/990-pf-2022-form.pdf,13,550111,93828106aaaf6d51c74bd72dc358529c586ca6373a9fbd481a71a808bf1e1eab,2026-07-17
990-PF,2022,instructions,downloaded,https://www.irs.gov/pub/irs-prior/i990pf--2022.pdf,sources/annual-income-tax-forms/990-PF/2022/990-pf-2022-instructions.pdf,41,586353,33427d7dee5edf7d46f40b2e9ffc7e6b0c0e349553054aabc87a7066004698e9,2026-07-17
990-PF,2023,form,downloaded,https://www.irs.gov/pub/irs-prior/f990pf--2023.pdf,sources/annual-income-tax-forms/990-PF/2023/990-pf-2023-form.pdf,13,579220,688d42bb3be7aa7af2fea1d8f282fc6e3ffd3d77bee2089bf8336bc499ba27b8,2026-07-17
990-PF,2023,instructions,downloaded,https://www.irs.gov/pub/irs-prior/i990pf--2023.pdf,sources/annual-income-tax-forms/990-PF/2023/990-pf-2023-instructions.pdf,42,581250,88efb59a18db3b89143a77f69470105bc715c06f6f7ebb536101b371f982c636,2026-07-17
990-PF,2024,form,downloaded,https://www.irs.gov/pub/irs-prior/f990pf--2024.pdf,sources/annual-income-tax-forms/990-PF/2024/990-pf-2024-form.pdf,13,579595,89a732fd9cfad4aa3e7b7a889433d4abee45343c0dd2be781203b0897000d35f,2026-07-17
990-PF,2024,instructions,downloaded,https://www.irs.gov/pub/irs-prior/i990pf--2024.pdf,sources/annual-income-tax-forms/990-PF/2024/990-pf-2024-instructions.pdf,42,580225,04d7dea3928bf25d74f626f2824a56a5dfbb984181147e874274a396238b5205,2026-07-17
990-PF,2025,form,downloaded,https://www.irs.gov/pub/irs-prior/f990pf--2025.pdf,sources/annual-income-tax-forms/990-PF/2025/990-pf-2025-form.pdf,13,570714,999df73380009f180fcc741f778a47bc83a25de3116fb1a1cf8d03f6b24b39ba,2026-07-17
990-PF,2025,instructions,downloaded,https://www.irs.gov/pub/irs-prior/i990pf--2025.pdf,sources/annual-income-tax-forms/990-PF/2025/990-pf-2025-instructions.pdf,40,563801,550df15232d09f45fce50b4b40bed57c81ec328c8b83d5287c787969ec9693e2,2026-07-17
990-T,2018,form,downloaded,https://www.irs.gov/pub/irs-prior/f990t--2018.pdf,sources/annual-income-tax-forms/990-T/2018/990-t-2018-form.pdf,6,683846,6cea80c7b1bab3c51097ee8d354462fe4c50cdde3c58f7d6f2f7279f9c0d6eb6,2026-07-17
990-T,2018,instructions,downloaded,https://www.irs.gov/pub/irs-prior/i990t--2018.pdf,sources/annual-income-tax-forms/990-T/2018/990-t-2018-instructions.pdf,32,515256,69c4a8dcc846dd1c0b125e3f759241c73651fde29093b0c67dc5f5daf44cc110,2026-07-17
990-T,2019,form,downloaded,https://www.irs.gov/pub/irs-prior/f990t--2019.pdf,sources/annual-income-tax-forms/990-T/2019/990-t-2019-form.pdf,6,666622,efa1b73db317fa9057e5caaafc3c67140e113f7f76415b1cec28e5fcc7b510ff,2026-07-17
990-T,2019,instructions,downloaded,https://www.irs.gov/pub/irs-prior/i990t--2019.pdf,sources/annual-income-tax-forms/990-T/2019/990-t-2019-instructions.pdf,32,516064,beef6446007b2a8dc0d9b5f5d0c0aa3215fefe3eca2813998d291fdcee934e59,2026-07-17
990-T,2020,form,downloaded,https://www.irs.gov/pub/irs-prior/f990t--2020.pdf,sources/annual-income-tax-forms/990-T/2020/990-t-2020-form.pdf,2,134304,a1bb690413b38daa5488b2cc6ff8e793182387291d4747f9a04c8810cdb79eec,2026-07-17
990-T,2020,instructions,downloaded,https://www.irs.gov/pub/irs-prior/i990t--2020.pdf,sources/annual-income-tax-forms/990-T/2020/990-t-2020-instructions.pdf,35,459980,d4b1da43fda33892497d3b6d52fa97b44bab71fa472c0be20f8f16e07338b467,2026-07-17
990-T,2021,form,downloaded,https://www.irs.gov/pub/irs-prior/f990t--2021.pdf,sources/annual-income-tax-forms/990-T/2021/990-t-2021-form.pdf,2,138873,db49e9718fc7f96b34bf5c91657c36db0e826aaa67ed01b7c9677deddcf9e6d5,2026-07-17
990-T,2021,instructions,downloaded,https://www.irs.gov/pub/irs-prior/i990t--2021.pdf,sources/annual-income-tax-forms/990-T/2021/990-t-2021-instructions.pdf,36,474692,ae26599df2daf8fdb0e61a3288679118f45fae28613871b452d695a9ca87d13c,2026-07-17
990-T,2022,form,downloaded,https://www.irs.gov/pub/irs-prior/f990t--2022.pdf,sources/annual-income-tax-forms/990-T/2022/990-t-2022-form.pdf,2,141753,f4b64794056698714d2ca0fa50749f89d3128f40e399e3da153b3051252cbc4d,2026-07-17
990-T,2022,instructions,downloaded,https://www.irs.gov/pub/irs-prior/i990t--2022.pdf,sources/annual-income-tax-forms/990-T/2022/990-t-2022-instructions.pdf,36,478566,9a6b3a74e084d59c42712bc6dab1329212dde023a24a045a71436d758c850ee9,2026-07-17
990-T,2023,form,downloaded,https://www.irs.gov/pub/irs-prior/f990t--2023.pdf,sources/annual-income-tax-forms/990-T/2023/990-t-2023-form.pdf,2,141597,b4e54bf90556470c21fc60e1edcd27498786ef99434ae83eaf766c499aac598f,2026-07-17
990-T,2023,instructions,downloaded,https://www.irs.gov/pub/irs-prior/i990t--2023.pdf,sources/annual-income-tax-forms/990-T/2023/990-t-2023-instructions.pdf,36,507425,ce9d4b67a0707ea1fad02cb3c192e2cd5f66f7a6f5012b69bf8120a3257ed74e,2026-07-17
990-T,2024,form,downloaded,https://www.irs.gov/pub/irs-prior/f990t--2024.pdf,sources/annual-income-tax-forms/990-T/2024/990-t-2024-form.pdf,2,142980,d88aaf135d8ee18041c6cd5e73d02f7e6abefedf9d557d9c0a209862578e1aae,2026-07-17
990-T,2024,instructions,downloaded,https://www.irs.gov/pub/irs-prior/i990t--2024.pdf,sources/annual-income-tax-forms/990-T/2024/990-t-2024-instructions.pdf,37,333534,3f9766bff7b4461bb38475a262e03b9abbab44241cf260be0c25c844bc9f3103,2026-07-17
990-T,2025,form,downloaded,https://www.irs.gov/pub/irs-prior/f990t--2025.pdf,sources/annual-income-tax-forms/990-T/2025/990-t-2025-form.pdf,2,145815,bc9b5dc14df57cbf1334a8cc7037c623cec19f255f4dd3e24c8430394233d20e,2026-07-17
990-T,2025,instructions,downloaded,https://www.irs.gov/pub/irs-prior/i990t--2025.pdf,sources/annual-income-tax-forms/990-T/2025/990-t-2025-instructions.pdf,44,541229,bbdf3c7b6eb1331a6b470d279bad0bf8effed3cf488a0343244ea9401114fa08,2026-07-17
